1. WAQ to display second highest salary in HR schema.

Answer :   select max(salary) from employees where salary < (select max(salary) from employees);
   max
----------
 17000.00
(1 row)


2. WAQ to display name of employee who is earning maximum in his/her department.

Answer :   select first_name, salary, department_id from employees e where salary = (select max(salary) from employees where department_id = e.department_id);

 first_name |  salary  | department_id
------------+----------+---------------
 Steven     | 24000.00 |            90
 Alexander  |  9000.00 |            60
 Nancy      | 12000.00 |           100
 Den        | 11000.00 |            30
 Adam       |  8200.00 |            50
 John       | 14000.00 |            80
 Jennifer   |  4400.00 |            10
 Michael    | 13000.00 |            20
 Susan      |  6500.00 |            40
 Hermann    | 10000.00 |            70
 Shelley    | 12000.00 |           110
(11 rows)


3. WAQ to display emplyees count who are working from same location.

Answer :   select l.city , count(e.first_name) EmployeesNumbers from employees e, locations l , departments d  where e.department_id = d.department_id and d.location_id = l.location_id group by city;

        city         | employeesnumbers
---------------------+------------------
 Southlake           |                5
 London              |                1
 South San Francisco |               45
 Toronto             |                2
 Seattle             |               18
 Oxford              |               34
 Munich              |                1
(7 rows)


4. WAQ to display number of employees joined year wise.

Answer :   select to_char(hire_date, 'yyyy') as  year , count(first_name) as Employees from employees group by to_char(hire_date, 'yyyy') order by to_char(hire_date, 'yyyy') ;

 year | employees
------+-----------
 1987 |         2
 1989 |         1
 1990 |         1
 1991 |         1
 1993 |         1
 1994 |         7
 1995 |         4
 1996 |        10
 1997 |        28
 1998 |        23
 1999 |        18
 2000 |        11
(12 rows)







